CASE_ID,ACCIDENT_YEAR,PROC_DATE,JURIS,COLLISION_DATE,COLLISION_TIME,OFFICER_ID,REPORTING_DISTRICT,DAY_OF_WEEK,CHP_SHIFT,POPULATION,CNTY_CITY_LOC,SPECIAL_COND,BEAT_TYPE,CHP_BEAT_TYPE,CITY_DIVISION_LAPD,CHP_BEAT_CLASS,BEAT_NUMBER,PRIMARY_RD,SECONDARY_RD,DISTANCE,DIRECTION,INTERSECTION,WEATHER_1,WEATHER_2,STATE_HWY_IND,CALTRANS_COUNTY,CALTRANS_DISTRICT,STATE_ROUTE,ROUTE_SUFFIX,POSTMILE_PREFIX,POSTMILE,LOCATION_TYPE,RAMP_INTERSECTION,SIDE_OF_HWY,TOW_AWAY,COLLISION_SEVERITY,NUMBER_KILLED,NUMBER_INJURED,PARTY_COUNT,PRIMARY_COLL_FACTOR,PCF_CODE_OF_VIOL,PCF_VIOL_CATEGORY,PCF_VIOLATION,PCF_VIOL_SUBSECTION,HIT_AND_RUN,TYPE_OF_COLLISION,MVIW,PED_ACTION,ROAD_SURFACE,ROAD_COND_1,ROAD_COND_2,LIGHTING,CONTROL_DEVICE,CHP_ROAD_TYPE,PEDESTRIAN_ACCIDENT,BICYCLE_ACCIDENT,MOTORCYCLE_ACCIDENT,TRUCK_ACCIDENT,NOT_PRIVATE_PROPERTY,ALCOHOL_INVOLVED,STWD_VEHTYPE_AT_FAULT,CHP_VEHTYPE_AT_FAULT,COUNT_SEVERE_INJ,COUNT_VISIBLE_INJ,COUNT_COMPLAINT_PAIN,COUNT_PED_KILLED,COUNT_PED_INJURED,COUNT_BICYCLIST_KILLED,COUNT_BICYCLIST_INJURED,COUNT_MC_KILLED,COUNT_MC_INJURED,PRIMARY_RAMP,SECONDARY_RAMP,LATITUDE,LONGITUDE,COUNTY,CITY,POINT_X,POINT_Y
7131673,2015,12/23/15,2706,11/4/15,1457,31,2706,3,5,4,2706,0,0,0,,0,2,FREMONT ST,VIA MIRADA,0,,Y,A,-,N,,,,,,,,,,Y,4,0,1,2,A,-,9,21801,A,N,D,C,A,A,H,-,A,D,0,,,,,Y,,A,1,0,0,1,0,0,0,0,0,0,- ,- ,,,MONTEREY,MONTEREY,-121.8872087,36.59474454
7131674,2015,12/15/15,2706,11/1/15,1449,627,2706,7,5,4,2706,0,0,0,,0,1,PACIFIC ST,SCOTT ST,14,S,N,A,-,N,,,,,,,,,,N,3,0,2,3,A,-,10,21950,A,N,G,B,B,A,H,-,A,A,0,Y,,,,Y,,A,1,0,2,0,0,2,0,0,0,0,- ,- ,,,MONTEREY,MONTEREY,-121.8953714,36.60314155
7131675,2015,12/15/15,2706,11/22/15,1939,635,MPD,7,5,4,2706,0,0,0,,0,3,DEL MONTE AV,PARK AV,64,E,N,A,-,N,,,,,,,,,,Y,4,0,1,1,A,-,8,22107,,N,E,I,A,-,G,-,C,D,0,,,,,Y,,A,7,0,0,1,0,0,0,0,0,0,- ,- ,,,MONTEREY,MONTEREY,-121.882072,36.59992613
7131676,2015,12/15/15,2706,11/23/15,1644,635,,1,5,4,2706,0,0,0,,0,,DEL MONTE AV,HANNON AV,73,E,N,A,-,N,,,,,,,,,,N,3,0,1,2,A,-,9,21801,A,N,D,C,A,A,H,-,B,D,0,,,,,Y,,A,7,0,1,0,0,0,0,0,0,0,- ,- ,,,MONTEREY,MONTEREY,-121.862186,36.60408226
7131677,2015,12/15/15,2706,11/25/15,1231,250,MPD,3,5,4,2706,0,0,0,,0,1,LIGHTHOUSE AV,PRESCOTT AV,0,,Y,B,-,N,,,,,,,,,,Y,3,0,2,3,A,-,12,21453,A,N,D,C,A,A,H,-,A,A,0,,,,,Y,,A,7,0,1,1,0,0,0,0,0,0,- ,- ,,,MONTEREY,MONTEREY,-121.90269,36.61471004
7131678,2015,12/15/15,2706,11/20/15,1625,320,MPD,5,5,4,2706,0,0,0,,0,3,NORTH FREMONT ST,CASANOVA AV,171,E,N,A,-,N,,,,,,,,,,Y,4,0,1,3,A,-,3,22350,,N,C,C,A,A,H,-,A,A,0,,,,,Y,,A,1,0,0,1,0,0,0,0,0,0,- ,- ,,,MONTEREY,MONTEREY,-121.8526804,36.59782568
7131679,2015,12/15/15,2706,11/20/15,1605,590,2706,5,5,4,2706,0,0,0,,0,2,GLENWOOD CIR,GLENWOOD CIR 500,9,W,N,A,-,N,,,,,,,,,,Y,3,0,2,2,A,-,9,21804,A,N,D,C,A,A,H,-,A,A,0,,,,,Y,,A,7,0,1,1,0,0,0,0,0,0,- ,- ,,,MONTEREY,MONTEREY,-121.8851566,36.58724638
7131680,2015,12/15/15,2706,11/29/15,1210,142,,7,5,4,2706,0,0,0,,0,2,LIGHTHOUSE AV,WASHINGTON ST,119,N,N,A,-,N,,,,,,,,,,Y,4,0,1,2,A,-,3,22350,,N,B,C,A,A,H,-,A,D,0,,,,,Y,,A,7,0,0,1,0,0,0,0,0,0,- ,- ,,,MONTEREY,MONTEREY,-121.8926487,36.60133502
7139093,2015,1/12/16,2706,12/18/15,1554,181,2706,5,5,4,2706,0,0,0,,0,2,TYLER ST,FRANKLIN ST,0,,N,A,-,N,,,,,,,,,,Y,3,0,1,2,A,-,12,21453,A,N,D,C,A,A,H,-,A,A,0,,,,,Y,,-,- ,0,1,0,0,0,0,0,0,0,- ,- ,,,MONTEREY,MONTEREY,-121.8934499,36.59984009
7139101,2015,1/12/16,2706,12/10/15,1745,949,,4,5,4,2706,0,0,0,,0,,NORTH FREMONT ST,RAMONA AV,260,E,N,A,-,N,,,,,,,,,,Y,4,0,2,2,A,-,9,21804,A,N,D,C,A,A,H,-,C,D,0,,,,,Y,,A,1,0,0,2,0,0,0,0,0,0,- ,- ,,,MONTEREY,MONTEREY,-121.8553898,36.59734388
7139105,2015,2/3/17,2706,12/14/15,1938,810,2706,1,5,4,2706,0,0,0,,0,,MUNRAS AV,SOLEDAD DR,0,,Y,A,-,Y,MON,5,1,-,R,75.98,R,4,N,Y,3,0,2,2,A,-,12,21453,A,N,D,C,A,A,H,-,C,A,0,,,,,Y,Y,A,1,0,1,1,0,0,0,0,0,0,- ,- ,,,MONTEREY,MONTEREY,-121.9000832,36.5818364
7139124,2015,1/9/16,2706,12/2/15,1730,444,MPD,3,5,4,2706,0,0,0,,0,2,IRIS CANYON RD,BARNET SEGAL LN,0,,Y,A,-,N,,,,,,,,,,Y,4,0,1,2,A,-,3,22350,,N,D,C,A,A,H,-,D,D,0,,,,,Y,,D,22,0,0,1,0,0,0,0,0,0,- ,- ,,,MONTEREY,MONTEREY,-121.89249,36.58060005
7139226,2015,1/7/16,2706,12/14/15,1710,810,,1,5,4,2706,0,0,0,,0,,DAVID AV,TAYLOR ST,22,W,N,A,-,N,,,,,,,,,,N,4,0,1,2,A,-,8,22107,,N,B,C,A,A,H,-,C,D,0,,,,,Y,,A,1,0,0,1,0,0,0,0,0,0,- ,- ,,,MONTEREY,MONTEREY,-121.9179447,36.61045941
7139234,2015,1/7/16,2706,12/19/15,1907,851,MPD,6,5,4,2706,0,0,0,,0,3,NORTH FREMONT ST,CASANOVA AV,245,E,N,B,-,N,,,,,,,,,,Y,2,0,1,2,C,-,18,,,N,C,C,A,A,H,-,C,A,0,,,,,Y,,-,- ,1,0,0,0,0,0,0,0,0,- ,- ,,,MONTEREY,MONTEREY,-121.8524466,36.5979018
7139238,2015,1/7/16,2706,12/4/15,1111,939,MPD,5,5,4,2706,0,0,0,,0,1,LIGHTHOUSE AV,HOFFMAN AV,184,N,N,A,-,N,,,,,,,,,,Y,4,0,2,2,A,-,8,22107,,N,D,C,A,A,H,-,A,D,0,,,,,Y,,A,1,0,0,2,0,0,0,0,0,0,- ,- ,,,MONTEREY,MONTEREY,-121.9020651,36.61397668
7139242,2015,1/7/16,2706,12/16/15,154,428,MPD,3,5,4,2706,0,0,0,,0,1,LIGHTHOUSE AV,DEL MONTE AV,932,N,N,A,-,N,,,,,,,,,,Y,4,0,1,1,A,-,1,23152,A,N,E,I,A,A,H,-,C,D,0,,,,,Y,Y,A,1,0,0,1,0,0,0,0,0,0,- ,- ,,,MONTEREY,MONTEREY,-121.89347,36.60249
7139246,2015,1/7/16,2706,12/4/15,725,505,2706,5,5,4,2706,0,0,0,,0,3,ENGLISH AV,DEL MONTE AV,97,S,N,A,-,N,,,,,,,,,,Y,4,0,1,2,A,-,3,22350,,N,D,C,A,B,H,-,A,A,0,,,,,Y,,A,7,0,0,1,0,0,0,0,0,0,- ,- ,,,MONTEREY,MONTEREY,-121.8605171,36.6046107
7142321,2015,12/29/15,2706,12/9/15,1718,635,2706,3,5,4,2706,0,0,0,,0,1,FOAM ST,CANNERY ROW,84,N,N,A,-,N,,,,,,,,,,Y,3,0,1,3,A,-,3,22350,,N,C,C,A,A,H,-,C,D,0,,,Y,,Y,,A,1,0,1,0,0,0,0,0,0,1,- ,- ,,,MONTEREY,MONTEREY,-121.8969078,36.60935258
7145175,2015,1/28/17,2706,11/26/15,1151,590,2706,4,5,4,2706,0,0,0,,0,3,RT 68,JOSSELYN CANYON RD,5280,W,N,A,-,Y,MON,5,68,-,-,5.21,H,-,W,N,4,0,1,2,A,-,3,22350,,N,C,C,A,A,H,-,A,D,0,,,,,Y,,A,1,0,0,1,0,0,0,0,0,0,- ,- ,,,MONTEREY,MONTEREY,-121.8556612,36.58348841
7145183,2015,12/31/15,2706,11/28/15,1512,320,,6,5,4,2706,0,0,0,,0,,PRESCOTT AV,CANNERY ROW,119,W,N,A,-,N,,,,,,,,,,N,4,0,1,2,-,-,- ,,,N,D,G,A,A,H,-,A,D,0,,Y,,,Y,,-,- ,0,0,1,0,0,0,1,0,0,- ,- ,,,MONTEREY,MONTEREY,-121.9006073,36.6158284
7164493,2015,2/3/17,2706,12/29/15,1512,320,MPD,2,5,4,2706,0,0,0,,0,2,SKYLINE FOREST,RT 68,21,E,N,A,-,Y,MON,5,68,-,-,3.37,I,5,W,Y,4,0,2,2,A,-,1,23152,A,N,D,C,A,A,H,-,A,D,0,,,,,Y,Y,A,1,0,0,2,0,0,0,0,0,0,- ,- ,,,MONTEREY,MONTEREY,-121.9186644,36.5859533
7177454,2016,2/25/16,2706,2/13/16,1600,142,,6,5,4,2706,0,0,0,,0,1,DAVID AV,CANNERY ROW,68,W,N,A,-,N,,,,,,,,,,N,4,0,3,2,A,-,3,22350,,N,C,C,A,A,H,-,A,D,0,,,,,Y,,I,9,0,0,3,0,0,0,0,0,0,- ,- ,,,MONTEREY,MONTEREY,-121.9023446,36.6178023
7177660,2016,8/24/16,2706,2/13/16,2308,129,,6,5,4,2706,0,0,0,,0,,LIGHTHOUSE NB TNNL AV,DEL MONTE AV,0,,Y,A,-,N,,,,,,,,,,N,3,0,1,1,A,-,3,22350,,N,F,I,A,A,H,-,C,D,0,,,,,Y,,A,1,0,1,0,0,0,0,0,0,0,- ,- ,,,MONTEREY,MONTEREY,-121.8923415,36.60066
7177711,2016,2/11/17,2706,2/6/16,1316,410,,6,5,4,2706,0,0,0,,0,3,RT 68,OLMSTED RD,537,W,N,A,-,Y,MON,5,68,-,-,5.47,H,-,W,Y,4,0,1,2,A,-,3,22350,,N,C,C,A,A,H,-,A,A,0,,,,,Y,,A,1,0,0,1,0,0,0,0,0,0,- ,- ,,,MONTEREY,MONTEREY,-121.8513917,36.58382144
7178441,2016,2/16/16,2706,1/7/16,1545,590,2706,4,5,4,2706,0,0,0,,0,2,CASS ST,CARMELO ST,177,S,N,B,-,N,,,,,,,,,,Y,4,0,1,2,A,-,8,22107,,N,B,E,A,-,H,-,A,D,0,,,,,Y,,D,22,0,0,1,0,0,0,0,0,0,- ,- ,,,MONTEREY,MONTEREY,-121.8974034,36.590355
7179734,2016,8/24/16,2706,1/13/16,1759,129,MPD,3,5,4,2706,0,0,0,,0,2,MUNRAS AV,DEL MONTE CTR M,15,S,N,B,-,N,,,,,,,,,,Y,4,0,1,2,A,-,3,22350,,N,C,C,A,-,H,-,C,A,0,,,,,Y,,A,1,0,0,1,0,0,0,0,0,0,- ,- ,,,MONTEREY,MONTEREY,-121.9008154,36.58492468
7180753,2016,2/24/16,2706,2/5/16,1843,119,MPD,5,5,4,2706,0,0,0,,0,3,DEL MONTE,SLOAT,44,E,N,A,-,N,,,,,,,,,,Y,4,0,1,2,A,-,1,23153,A,N,C,C,A,A,H,-,C,A,0,,,,,Y,Y,I,20,0,0,1,0,0,0,0,0,0,- ,- ,,,MONTEREY,MONTEREY,-121.8787302,36.59985595
7180765,2016,2/11/17,2706,1/23/16,1057,330,MPD,6,5,4,2706,0,0,0,,0,3,CASA VERDE WY,RT 1,0,,Y,A,-,Y,MON,5,1,-,-,78.4,R,3,S,N,4,0,1,2,A,-,10,21950,A,N,G,G,A,A,H,-,A,-,0,,Y,,,Y,,D,22,0,0,1,0,0,0,1,0,0,- ,- ,,,MONTEREY,MONTEREY,-121.8680969,36.5954684
7181349,2016,2/18/16,2706,1/31/16,1925,772,2706,7,5,4,2706,0,0,0,,0,1,PRESCOTT AV,LILY ST,99,W,N,A,-,N,,,,,,,,,,Y,4,0,1,2,A,-,3,22350,,F,C,C,A,A,H,-,C,D,0,,,,,Y,,A,1,0,0,1,0,0,0,0,0,0,- ,- ,,,MONTEREY,MONTEREY,-121.9100711,36.61062956
7181357,2016,2/18/16,2706,1/26/16,1508,444,MPD,2,5,4,2706,0,0,0,,0,3,CASANOVA AV,NORTH FREMONT ST,0,,Y,A,-,N,,,,,,,,,,N,4,0,2,2,A,-,3,22350,,N,C,C,A,A,H,-,A,A,0,,,,,Y,,A,1,0,0,2,0,0,0,0,0,0,- ,- ,,,MONTEREY,MONTEREY,-121.8532299,36.59767004
7187861,2016,2/22/16,2706,1/27/16,1613,444,MPD,3,5,4,2706,0,0,0,,0,1,LIGHTHOUSE AV,MCCLELLAN AV,99,N,N,A,-,N,,,,,,,,,,N,4,0,2,2,A,-,3,22350,,N,C,C,A,A,H,-,A,D,0,,,,,Y,,D,22,0,0,2,0,0,0,0,0,0,- ,- ,,,MONTEREY,MONTEREY,-121.9010104,36.61273457
7190952,2016,2/24/16,2706,1/11/16,42,395,2706,1,5,4,2706,0,0,0,,0,3,ENGLISH AV,MONTECITO AV,35,N,N,B,-,N,,,,,,,,,,N,3,0,1,1,A,-,14,21201,D,N,-,-,A,B,H,-,D,D,0,,Y,,,Y,,L,4,0,1,0,0,0,0,1,0,0,- ,- ,,,MONTEREY,MONTEREY,-121.8579476,36.60257528
7190961,2016,2/24/16,2706,1/5/16,1146,939,MPD,2,5,4,2706,0,0,0,,0,2,EL DORADO ST,MUNRAS AV,95,W,N,C,-,N,,,,,,,,,,Y,4,0,2,3,A,-,3,22350,,N,C,C,A,B,H,-,A,A,0,,,,,Y,,A,7,0,0,2,0,0,0,0,0,0,- ,- ,,,MONTEREY,MONTEREY,-121.8938278,36.59290066
7190985,2016,2/24/16,2706,1/14/16,1355,590,2706,4,5,4,2706,0,0,0,,0,1,FOAM ST,MCCLELLAN AV,0,,Y,B,-,N,,,,,,,,,,Y,4,0,2,2,A,-,12,22450,A,N,D,C,A,A,H,-,A,A,0,,,,,Y,,A,1,0,0,2,0,0,0,0,0,0,- ,- ,,,MONTEREY,MONTEREY,-121.8999799,36.61297002
7192395,2016,3/11/16,2706,2/6/16,2137,128,2706,6,5,4,2706,0,0,0,,0,2,E FRANKLIN ST,FIGUEROA ST,0,,Y,A,-,N,,,,,,,,,,Y,3,0,5,2,A,-,12,21453,A,N,D,C,A,A,H,-,C,A,0,,,,,Y,,A,1,0,5,0,0,0,0,0,0,0,- ,- ,,,MONTEREY,MONTEREY,-121.8901999,36.59929007
7192399,2016,3/10/16,2706,2/21/16,1110,181,,7,5,4,2706,0,0,0,,0,1,DRAKE AV,CANNERY ROW GARAGE M,0,,Y,A,-,N,,,,,,,,,,N,3,0,1,2,A,-,9,21804,A,N,D,G,A,A,H,-,A,A,0,,Y,,,Y,,L,4,0,1,0,0,0,0,1,0,0,- ,- ,,,MONTEREY,MONTEREY,-121.8983262,36.61234571
7194256,2016,3/1/16,2706,2/11/16,1925,142,,4,5,4,2706,0,0,0,,0,,LIGHTHOUSE AV,PRIVATE BOLIO GATE M,520,S,N,A,-,N,,,,,,,,,,Y,3,0,1,1,A,-,8,22107,,N,E,I,A,A,H,-,C,D,0,,,Y,,Y,Y,C,2,0,1,0,0,0,0,0,0,1,- ,- ,,,MONTEREY,MONTEREY,-121.8990532,36.60838401
7197326,2016,3/3/16,2706,2/19/16,1223,444,MPD,5,5,4,2706,0,0,0,,0,1,FOAM ST,IRVING AV,0,,Y,A,-,N,,,,,,,,,,Y,4,0,1,2,A,-,12,21453,A,N,D,C,A,A,H,-,A,A,0,,,,,Y,,A,1,0,0,1,0,0,0,0,0,0,- ,- ,,,MONTEREY,MONTEREY,-121.9028,36.61628003
7197334,2016,3/3/16,2706,2/14/16,929,410,2706,7,5,4,2706,0,0,0,,0,,FREMONT ST,MUNRAS AV,59,W,N,A,-,N,,,,,,,,,,Y,4,0,1,2,A,-,8,22101,D,N,D,C,A,A,H,-,A,A,0,,,,,Y,,A,1,0,0,1,0,0,0,0,0,0,- ,- ,,,MONTEREY,MONTEREY,-121.89308,36.59562
7197338,2016,3/3/16,2706,2/14/16,1641,428,MPD,7,5,4,2706,0,0,0,,0,3,CAMINO AGUAJITO,7TH ST,9,N,N,A,-,N,,,,,,,,,,Y,4,0,1,2,A,-,9,21802,A,N,D,C,A,A,H,-,A,D,0,,,,,Y,,A,7,0,0,1,0,0,0,0,0,0,- ,- ,,,MONTEREY,MONTEREY,-121.8823068,36.59471411
7199923,2017,2/17/17,2706,1/20/17,606,627,2706,5,5,4,2706,0,0,0,,0,2,SKYLINE DR,WYNDEMERE WY,323,N,N,C,G,N,,,,,,,,,,Y,1,1,0,1,A,-,3,22350,,N,E,J,A,B,C,-,D,D,0,,,,,Y,,A,7,0,0,0,0,0,0,0,0,0,- ,- ,,,MONTEREY,MONTEREY,-121.9176193,36.58972854
7201622,2016,3/5/16,2706,1/22/16,3,375,2706,5,5,4,2706,0,0,0,,0,2,W FRANKLIN ST,PACIFIC ST,0,,Y,A,-,N,,,,,,,,,,N,3,0,1,2,A,-,11,21954,A,F,G,B,B,A,H,-,C,A,0,Y,,,,Y,,A,1,0,1,0,0,1,0,0,0,0,- ,- ,,,MONTEREY,MONTEREY,-121.89581,36.60019011
7201706,2016,3/8/16,2706,2/24/16,1638,320,,3,5,4,2706,0,0,0,,0,3,RYAN RANCH RD,CANYON DEL REY BL,0,,Y,A,-,N,,,,,,,,,,N,4,0,1,2,A,-,5,21460,A,N,D,C,A,A,H,-,A,D,0,,,Y,,Y,,C,2,0,0,1,0,0,0,0,0,1,- ,- ,,,MONTEREY,MONTEREY,-121.82923,36.58394003
7206864,2016,3/22/16,2706,3/11/16,1858,608,2706,5,5,4,2706,0,0,0,,0,1,FOAM ST,DRAKE AV,19,S,N,C,-,N,,,,,,,,,,Y,4,0,1,2,A,-,8,22107,,N,B,C,A,B,H,-,C,A,0,,,,,Y,,A,1,0,0,1,0,0,0,0,0,0,- ,- ,,,MONTEREY,MONTEREY,-121.8990734,36.61186694
7206932,2016,3/23/16,2706,2/21/16,1800,428,MPD,7,5,4,2706,0,0,0,,0,1,DEL MONTE AV,CAMINO AGUAJITO,0,,Y,B,-,N,,,,,,,,,,N,4,0,1,3,A,-,3,22350,,N,C,C,A,A,-,-,A,D,0,,,,,Y,,A,7,0,0,1,0,0,0,0,0,0,- ,- ,,,MONTEREY,MONTEREY,-121.88358,36.59994006
7209257,2016,3/22/16,2706,3/6/16,1230,142,MPD,7,5,4,2706,0,0,0,,0,2,CALLE PRINCIPAL,FRANKLIN ST,20,N,Y,B,-,N,,,,,,,,,,N,4,0,1,2,A,-,3,22350,,N,C,C,A,A,H,-,A,D,0,,,,,Y,,D,22,0,0,1,0,0,0,0,0,0,- ,- ,,,MONTEREY,MONTEREY,-121.8950264,36.60012155
7209261,2016,3/22/16,2706,3/4/16,812,505,2706,5,5,4,2706,0,0,0,,0,2,TYLER ST,FRANKLIN ST,0,,Y,A,-,N,,,,,,,,,,N,4,0,1,2,A,-,10,21950,A,N,-,B,B,A,H,-,A,A,0,Y,,,,Y,,D,22,0,0,1,0,1,0,0,0,0,- ,- ,,,MONTEREY,MONTEREY,-121.8934499,36.59984009
7209392,2016,3/16/16,2706,3/9/16,816,181,MPD,3,5,4,2706,0,0,0,,0,3,DEL MONTE AV,NAVY GATE,0,,Y,C,-,N,,,,,,,,,,N,4,0,1,2,A,-,3,22350,,N,C,C,A,B,H,-,A,D,0,,,,,Y,,D,22,0,0,1,0,0,0,0,0,0,- ,- ,,,MONTEREY,MONTEREY,,
7209424,2016,3/16/16,2706,3/4/16,1708,608,2706,5,5,4,2706,0,0,0,,0,1,LARKIN ST,JEFFERSON ST,0,,Y,B,-,N,,,,,,,,,,N,4,0,2,2,A,-,9,21802,A,N,D,C,A,A,H,-,A,A,0,,,,,Y,,A,1,0,0,2,0,0,0,0,0,0,- ,- ,,,MONTEREY,MONTEREY,-121.89929,36.59902005
7209448,2016,3/16/16,2706,2/28/16,2051,410,2706,7,5,4,2706,0,0,0,,0,2,HERRMANN DR,PG&E POLE 78493,80,S,N,A,-,N,,,,,,,,,,Y,4,0,1,1,A,-,1,23152,A,N,E,I,A,A,H,-,C,D,0,,,,,Y,Y,A,1,0,0,1,0,0,0,0,0,0,- ,- ,,,MONTEREY,MONTEREY,,
8001153,2016,4/1/16,2706,3/17/16,706,142,MPD,4,5,4,2706,0,0,0,,0,1,PRESCOTT AV,BELDEN ST,0,,Y,A,-,N,,,,,,,,,,Y,4,0,1,2,A,-,9,21802,A,N,D,C,A,A,H,-,A,D,0,,,,,Y,,-,- ,0,0,1,0,0,0,0,0,0,- ,- ,,,MONTEREY,MONTEREY,-121.9051899,36.61332003
8008536,2020,12/28/20,2706,10/12/20,842,395,2706,1,5,4,2706,0,0,0,,0,3,RT 68,JOSSELYN CANYON RD,17,W,N,A,-,Y,MON,5,68,-,-,5.21,H,-,E,Y,4,0,1,2,A,-,3,22350,,N,C,C,A,A,H,-,A,A,0,,,,,Y,,A,1,0,0,1,0,0,0,0,0,0,- ,- ,,,MONTEREY,MONTEREY,-121.8556824,36.58348846
8011987,2016,2/11/17,2706,3/21/16,1528,250,2706,1,5,4,2706,0,0,0,,0,3,YORK,RT 68,200,N,N,A,-,Y,MON,5,68,-,-,8.15,I,6,W,N,4,0,1,2,A,-,3,22350,,N,C,C,A,A,H,-,A,A,0,,,,,Y,,A,7,0,0,1,0,0,0,0,0,0,- ,- ,,,MONTEREY,MONTEREY,-121.8083114,36.57150678
8011991,2016,4/12/16,2706,3/24/16,1821,119,MPD,4,5,4,2706,0,0,0,,0,3,DEL MONTE AV,PALO VERDE AV,0,,Y,A,-,N,,,,,,,,,,Y,3,0,2,2,A,-,9,21802,A,N,D,C,A,A,H,-,A,D,0,,,,,Y,,A,1,0,2,0,0,0,0,0,0,0,- ,- ,,,MONTEREY,MONTEREY,-121.8693799,36.60084004
8011995,2016,4/12/16,2706,3/25/16,1539,142,,5,5,4,2706,0,0,0,,0,2,FREMONT ST,CAMINO EL ESTERO,75,E,N,A,-,N,,,,,,,,,,N,4,0,2,2,A,-,3,22350,,N,C,C,A,A,H,-,A,A,0,,,,,Y,,A,7,0,0,2,0,0,0,0,0,0,- ,- ,,,MONTEREY,MONTEREY,-121.8890258,36.59505383
8013150,2016,4/12/16,2706,4/4/16,2313,635,2706,1,5,4,2706,0,0,0,,0,3,NORTH FREMONT ST,CASANOVA AV,0,,Y,A,-,N,,,,,,,,,,Y,3,0,2,2,A,-,12,21453,A,F,D,C,A,A,H,-,C,A,0,,,,,Y,,A,1,0,2,0,0,0,0,0,0,0,- ,- ,,,MONTEREY,MONTEREY,-121.8532299,36.59767004
8013816,2016,4/15/16,2706,4/4/16,1706,896,MPD,1,5,4,2706,0,0,0,,0,2,IRIS CANYON RD,GLENWOOD CIR,20,N,N,A,-,N,,,,,,,,,,N,3,0,1,1,A,-,3,22350,,N,-,J,A,A,H,-,A,D,0,,,Y,,Y,,C,2,0,1,0,0,0,0,0,0,1,- ,- ,,,MONTEREY,MONTEREY,-121.8913718,36.58414207
8013817,2016,4/14/16,2706,3/30/16,1339,505,2706,3,5,4,2706,0,0,0,,0,1,REESIDE,RECREATIONAL TRL,0,,Y,A,-,N,,,,,,,,,,N,3,0,1,2,A,-,11,21950,B,N,-,B,C,A,A,-,A,A,0,Y,,,,Y,,N,60,0,1,0,0,1,0,0,0,0,- ,- ,,,MONTEREY,MONTEREY,,
8018366,2016,4/26/16,2706,4/12/16,2317,310,MPD,2,5,4,2706,0,0,0,,0,1,W FRANKLIN ST,LARKIN ST,0,,Y,A,-,N,,,,,,,,,,N,4,0,1,2,A,-,9,21802,A,N,D,C,A,A,H,-,-,A,0,,,,,Y,,D,22,0,0,1,0,0,0,0,0,0,- ,- ,,,MONTEREY,MONTEREY,-121.8986099,36.60085002
8018370,2016,4/26/16,2706,4/9/16,2302,635,MPD,6,5,4,2706,0,0,0,,0,1,LIGHTHOUSE AV,PRESCOTT AV,0,,Y,A,-,N,,,,,,,,,,N,4,0,2,2,A,-,12,21453,A,N,D,C,A,A,H,-,C,A,0,,,,,Y,,A,7,0,0,2,0,0,0,0,0,0,- ,- ,,,MONTEREY,MONTEREY,-121.90269,36.61471004
8018374,2016,4/26/16,2706,4/13/16,1706,772,,3,5,4,2706,0,0,0,,0,2,CAMINO EL ESTERO,DEL MONTE AV,46,S,N,A,-,N,,,,,,,,,,N,4,0,1,2,A,-,3,22350,,N,C,C,A,A,H,-,A,A,0,,,,,Y,,A,1,0,0,1,0,0,0,0,0,0,- ,- ,,,MONTEREY,MONTEREY,-121.8873318,36.59981484
8026431,2016,4/27/16,2706,4/17/16,248,103,MPD,7,5,4,2706,0,0,0,,0,1,WATSON ST,SCOTT ST,217,S,N,A,-,N,,,,,,,,,,N,4,0,1,2,A,-,3,22350,,N,G,B,D,A,H,-,C,D,0,Y,,,,Y,,D,22,0,0,1,0,1,0,0,0,0,- ,- ,,,MONTEREY,MONTEREY,-121.8989603,36.60337841
8026435,2016,2/1/18,2706,4/11/16,1224,444,MPD,1,5,4,2706,0,0,0,,0,2,ABREGO ST,FREMONT ST,17,S,N,A,-,N,,,,,,,,,,Y,4,0,1,3,A,-,5,21460,A,N,B,C,A,A,H,-,A,A,0,,,,Y,Y,,G,25,0,0,1,0,0,0,0,0,0,- ,- ,,,MONTEREY,MONTEREY,-121.8921875,36.59520368
8026488,2016,4/26/16,2706,4/12/16,1557,72,2706,2,5,4,2706,0,0,0,,0,2,SOLEDAD DR,MUNRAS AV,286,E,N,A,-,N,,,,,,,,,,N,4,0,1,2,A,-,3,22350,,N,C,C,A,A,H,-,A,D,0,,,Y,,Y,,C,2,0,0,1,0,0,0,0,0,1,- ,- ,,,MONTEREY,MONTEREY,-121.9010693,36.58290102