CASE_ID,ACCIDENT_YEAR,PROC_DATE,JURIS,COLLISION_DATE,COLLISION_TIME,OFFICER_ID,REPORTING_DISTRICT,DAY_OF_WEEK,CHP_SHIFT,POPULATION,CNTY_CITY_LOC,SPECIAL_COND,BEAT_TYPE,CHP_BEAT_TYPE,CITY_DIVISION_LAPD,CHP_BEAT_CLASS,BEAT_NUMBER,PRIMARY_RD,SECONDARY_RD,DISTANCE,DIRECTION,INTERSECTION,WEATHER_1,WEATHER_2,STATE_HWY_IND,CALTRANS_COUNTY,CALTRANS_DISTRICT,STATE_ROUTE,ROUTE_SUFFIX,POSTMILE_PREFIX,POSTMILE,LOCATION_TYPE,RAMP_INTERSECTION,SIDE_OF_HWY,TOW_AWAY,COLLISION_SEVERITY,NUMBER_KILLED,NUMBER_INJURED,PARTY_COUNT,PRIMARY_COLL_FACTOR,PCF_CODE_OF_VIOL,PCF_VIOL_CATEGORY,PCF_VIOLATION,PCF_VIOL_SUBSECTION,HIT_AND_RUN,TYPE_OF_COLLISION,MVIW,PED_ACTION,ROAD_SURFACE,ROAD_COND_1,ROAD_COND_2,LIGHTING,CONTROL_DEVICE,CHP_ROAD_TYPE,PEDESTRIAN_ACCIDENT,BICYCLE_ACCIDENT,MOTORCYCLE_ACCIDENT,TRUCK_ACCIDENT,NOT_PRIVATE_PROPERTY,ALCOHOL_INVOLVED,STWD_VEHTYPE_AT_FAULT,CHP_VEHTYPE_AT_FAULT,COUNT_SEVERE_INJ,COUNT_VISIBLE_INJ,COUNT_COMPLAINT_PAIN,COUNT_PED_KILLED,COUNT_PED_INJURED,COUNT_BICYCLIST_KILLED,COUNT_BICYCLIST_INJURED,COUNT_MC_KILLED,COUNT_MC_INJURED,PRIMARY_RAMP,SECONDARY_RAMP,LATITUDE,LONGITUDE,COUNTY,CITY,POINT_X,POINT_Y
9020904,2019,6/30/20,2706,12/21/19,957,395,2706,6,5,4,2706,0,0,0,,0,3,RT 68,OLMSTED RD,645,W,N,B,-,Y,MON,5,68,-,-,5.45,H,-,W,Y,4,0,1,3,A,-,4,21703,,N,C,C,A,A,H,-,A,D,0,,,,,Y,,A,1,0,0,1,0,0,0,0,0,0,- ,- ,,,MONTEREY,MONTEREY,-121.8517151,36.58376312
90221736,2016,7/13/16,9730,7/12/16,805,17502,,2,1,4,2706,0,1,3,,2,62,SR-1,SR-68 (SALINAS),1056,S,N,B,-,Y,,,,,,,,,,N,4,0,1,2,A,-,7,21658,A,N,B,C,A,A,H,-,A,D,0,,,,,Y,,A,1,0,0,1,0,0,0,0,0,0,- ,- ,,,MONTEREY,MONTEREY,-121.9130346,36.57200406
90221773,2016,7/13/16,9730,7/12/16,1323,17502,,2,1,4,2706,0,1,3,,2,62,SR-1 N/B,SR-218  U/C,1056,S,N,A,-,Y,,,,,,,,,,Y,4,0,3,3,A,-,3,22350,,N,C,C,A,A,H,-,A,D,0,,,,,Y,,D,22,0,0,3,0,0,0,0,0,0,- ,- ,,,MONTEREY,MONTEREY,,
90224167,2016,7/18/16,9730,7/12/16,1615,19818,,2,2,4,2706,0,1,3,,1,22,SR-1 NB,MUNRAS AVE,60,N,N,A,-,Y,,,1,,,,,,N,Y,3,0,3,3,A,-,3,22350,,N,C,C,A,A,H,-,A,D,0,,,,,Y,,A,1,0,1,2,0,0,0,0,0,0,- ,- ,36.58048,-121.90332,MONTEREY,MONTEREY,-121.9033716,36.58056649
90231708,2016,7/27/16,9730,7/24/16,155,21009,,7,3,4,2706,0,1,3,,2,62,SR-1 S/B,PALO VERDE AVE,1584,S,N,A,-,Y,,,,,,,,,,Y,2,0,1,1,A,-,1,23152,A,N,E,I,A,A,H,-,D,D,0,,,Y,,Y,Y,C,2,1,0,0,0,0,0,0,0,1,- ,- ,36.59569,-121.87019,MONTEREY,MONTEREY,,
90246578,2016,8/17/16,9730,8/12/16,1600,19818,,5,2,4,2706,0,1,3,,2,62,SR-1 NB,CASA VERDE WY UC,200,N,N,B,-,Y,,,1,,,,,,N,N,4,0,1,2,A,-,4,21703,,N,C,C,A,A,H,-,A,D,0,,,,,Y,,A,1,0,0,1,0,0,0,0,0,0,- ,- ,36.59935,-121.86432,MONTEREY,MONTEREY,-121.8641438,36.59919716
9025052,2020,3/13/20,2706,1/15/20,959,851,,3,5,4,2706,0,0,0,,0,1,FOAM ST,IRVING AV,0,,Y,A,-,N,,,,,,,,,,Y,4,0,1,2,A,-,12,21453,A,N,D,C,A,A,H,-,A,A,0,,,,,Y,,A,1,0,0,1,0,0,0,0,0,0,- ,- ,,,MONTEREY,MONTEREY,-121.9028015,36.6162796
90255282,2016,8/29/16,9730,8/25/16,1305,17502,,4,1,4,2706,0,1,3,,2,62,FREMONT STREET TO NB SR-1,AGUAJITO ROAD,120,E,N,B,-,Y,,,,,,,,,,Y,4,0,1,2,A,-,3,22350,,N,C,C,A,A,H,-,A,D,0,,,,,Y,,A,7,0,0,1,0,0,0,0,0,0,- ,- ,,,MONTEREY,MONTEREY,-121.8821356,36.59352764
90260551,2016,9/5/16,9730,8/22/16,740,18543,,1,1,4,2706,0,1,3,,2,62,SR-1,FREMONT MONTEREY,528,N,N,B,-,Y,,,,,,,,,,Y,4,0,2,4,A,-,3,22350,,N,C,C,A,A,H,-,A,D,0,,,,,Y,,A,7,0,0,2,0,0,0,0,0,0,- ,- ,,,MONTEREY,MONTEREY,,
90261600,2016,9/6/16,9730,8/29/16,1431,21359,,1,2,4,2706,0,1,3,,2,62,RT 1,SR 68 (SALINAS),2112,N,N,A,-,Y,,,,,,,,,,Y,4,0,1,2,A,-,3,22350,,N,C,C,A,A,H,-,A,D,0,,,,,Y,,A,7,0,0,1,0,0,0,0,0,0,- ,- ,36.60311,-121.86023,MONTEREY,MONTEREY,-121.9069978,36.57857929
90261660,2016,9/7/16,9730,8/24/16,130,17785,,3,3,4,2706,0,1,3,,2,62,SR-1 NORTHBOUND,SOLEDAD DRIVE,438,S,N,A,-,Y,,,,,,,,,,Y,3,0,4,4,A,-,1,23152,A,N,E,I,A,A,H,-,D,D,0,,,,,Y,Y,A,1,0,1,3,0,0,0,0,0,0,- ,- ,36.34522,-121.54018,MONTEREY,MONTEREY,-121.90097,36.58162921
9026426,2020,3/12/20,2706,1/28/20,1255,395,2706,2,5,4,2706,0,0,0,,0,2,MUNRAS AV,SOLEDAD DR,0,,Y,A,-,N,,,,,,,,,,N,4,0,2,2,A,-,3,22350,,N,C,C,A,A,H,-,A,D,0,,,,,Y,,A,1,0,0,2,0,0,0,0,0,0,- ,- ,,,MONTEREY,MONTEREY,-121.9018631,36.58335876
9027982,2019,2/13/20,2706,12/23/19,748,215,MPD,1,5,4,2706,0,0,0,,0,1,W FRANKLIN ST,CLAY ST,37,W,N,A,-,N,,,,,,,,,,N,3,0,1,2,A,-,8,22107,,N,C,E,A,A,H,-,A,D,0,,,Y,,Y,,C,2,0,1,0,0,0,0,0,0,1,- ,- ,,,MONTEREY,MONTEREY,-121.9022598,36.60171127
9028193,2020,1/21/20,2706,1/2/20,1019,215,,4,5,4,2706,0,0,0,,0,2,MUNRAS AV,FREMONT ST,49,S,N,A,-,N,,,,,,,,,,Y,3,0,1,3,A,-,21,22106,,N,B,C,A,A,H,-,A,D,0,,,,,Y,,A,1,0,1,0,0,0,0,0,0,0,- ,- ,,,MONTEREY,MONTEREY,-121.8931122,36.5954895
9028197,2020,1/21/20,2706,1/3/20,1504,7AGC795,,5,5,4,2706,0,0,0,,0,2,CALLE PRINCIPAL,FRANKLIN ST,315,S,N,A,-,N,,,,,,,,,,N,3,0,1,1,A,-,21,22106,,N,H,A,A,A,H,-,A,D,0,,,,,Y,,A,1,0,1,0,0,0,0,0,0,0,- ,- ,,,MONTEREY,MONTEREY,-121.8953934,36.59925079
90296869,2016,10/31/16,9730,10/19/16,855,17502,,3,1,4,2706,0,1,3,,2,62,SR-1 S/B,SR-68 (SALINAS) O/C,1056,S,N,A,-,Y,,,,,,,,,,Y,4,0,1,2,A,-,3,22350,,N,C,C,A,A,H,-,A,D,0,,,,,Y,,A,1,0,0,1,0,0,0,0,0,0,- ,- ,,,MONTEREY,MONTEREY,-121.9130346,36.57200406
90300934,2016,10/25/16,9730,10/20/16,1550,19981,,4,2,4,2706,0,1,3,,2,62,SR-1 NORTHBOUND,SLOAT AVENUE U/C,528,N,N,A,-,Y,,,1,,,,,,N,Y,4,0,1,3,A,-,3,22350,,N,C,C,A,A,H,-,A,D,0,,,,,Y,,A,7,0,0,1,0,0,0,0,0,0,- ,- ,36.59388,-121.87353,MONTEREY,MONTEREY,-121.8735311,36.59388663
90357872,2016,12/29/16,9730,12/23/16,1320,17502,,5,1,4,2706,0,1,3,,2,62,SR-1,IRIS CANYON U/C,350,S,N,C,-,Y,,,,,,,,,,Y,4,0,2,4,A,-,3,22350,,N,C,C,A,B,H,-,A,D,0,,,,,Y,,A,1,0,0,2,0,0,0,0,0,0,- ,- ,36.34595,-121.53327,MONTEREY,MONTEREY,-121.8924212,36.58312982
9037094,2020,2/24/20,2706,1/8/20,1421,395,2706,3,5,4,2706,0,0,0,,0,1,LIGHTHOUSE AV,HOFFMAN AV,83,N,N,A,-,N,,,,,,,,,,Y,4,0,1,3,A,-,7,21658,A,N,B,E,A,A,H,-,A,D,0,,,,,Y,,A,7,0,0,1,0,0,0,0,0,0,- ,- ,,,MONTEREY,MONTEREY,-121.9018707,36.61374664
9037694,2020,3/18/20,2706,1/10/20,1417,123,2706,5,5,4,2706,0,0,0,,0,1,LIGHTHOUSE AV,HOFFMAN AV,99,S,N,A,-,N,,,,,,,,,,N,3,0,1,3,A,-,7,21658,A,N,B,C,A,A,H,-,A,A,0,,,Y,,Y,,C,2,0,1,0,0,0,0,0,0,1,- ,- ,,,MONTEREY,MONTEREY,-121.9015198,36.61333466
9037698,2020,3/18/20,2706,1/15/20,1855,27,2706,3,5,4,2706,0,0,0,,0,1,WITHERS AV,TAYLOR ST,22,E,N,A,-,N,,,,,,,,,,N,4,0,2,2,A,-,4,21703,,F,C,C,A,A,H,-,D,D,0,,,,,Y,,-,99,0,0,2,0,0,0,0,0,0,- ,- ,,,MONTEREY,MONTEREY,-121.9173355,36.60995483
9037702,2020,3/27/20,2706,1/17/20,1150,428,MPD,5,5,4,2706,0,0,0,,0,2,PACIFIC ST,MADISON ST,0,,Y,A,-,N,,,,,,,,,,Y,4,0,1,2,A,-,9,21801,A,N,A,C,A,A,H,-,A,A,0,,,,,Y,,A,1,0,0,1,0,0,0,0,0,0,- ,- ,,,MONTEREY,MONTEREY,-121.8971024,36.59680939
90388551,2017,2/8/17,9730,1/17/17,1713,18312,,2,2,4,2706,0,1,3,,2,62,STATE ROUTE 1 (NORTHBOUND),STATE ROUTE 68,50,N,N,B,-,Y,,,1,,,,,,,N,3,0,1,2,A,-,7,21658,A,N,B,C,A,A,H,-,A,D,0,,,Y,,Y,,A,1,0,1,0,0,0,0,0,0,1,- ,- ,36.59578,-121.86731,MONTEREY,MONTEREY,-121.8672895,36.59574961
90411304,2017,3/13/17,9730,1/18/17,1330,17502,,3,1,4,2706,0,1,3,,2,62,SR-1 S/B TO FREMONT STREET,AGUAJITO ROAD,1056,N,N,C,-,Y,,,1,,,,R,,S,Y,1,1,0,1,A,-,8,22107,,N,E,I,A,B,H,-,A,D,0,,,,,Y,,D,22,0,0,0,0,0,0,0,0,0,- ,- ,36.59294,-121.87916,MONTEREY,MONTEREY,-121.87916,36.59294
90412616,2017,3/15/17,9730,3/14/17,815,17502,,2,1,4,2706,0,1,3,,2,62,SR-1 S/B,SR-68 (SALINAS) O/C,1056,N,N,A,-,Y,,,1,,,,,,S,Y,4,0,1,3,A,-,3,22350,,N,C,C,A,A,H,-,A,D,0,,,,,Y,,D,22,0,0,1,0,0,0,0,0,0,- ,- ,36.5967,-121.8665,MONTEREY,MONTEREY,-121.8665861,36.59677484
90420195,2017,3/24/17,9730,3/22/17,900,17502,,3,1,4,2706,0,1,3,,2,62,SR-1 S/B TO FREMONT STREET,AGUAJITO ROAD,100,E,N,C,-,Y,,,1,,,,R,,S,N,4,0,5,3,A,-,3,22350,,N,C,C,A,B,H,-,A,A,0,,,,,Y,,A,7,0,0,5,0,0,0,0,0,0,- ,- ,36.59367,-121.88192,MONTEREY,MONTEREY,-121.88192,36.59367
90430127,2017,4/10/17,9730,4/2/17,1740,20841,,7,2,4,2706,0,1,3,,2,62,SR-1 N/B,SLOAT AVENUE,1373,N,N,A,-,Y,,,1,,,,,,N,Y,3,0,2,2,A,-,8,22107,,N,D,C,A,A,H,-,A,D,0,,,,,Y,,A,1,0,1,1,0,0,0,0,0,0,- ,- ,36.59404,-121.87245,MONTEREY,MONTEREY,-121.8724512,36.59404951
90441723,2017,4/25/17,9730,4/21/17,1620,20584,,5,2,4,2706,0,1,3,,2,62,SR-1 N/B (CABRILLO HWY) FROM SOLEDAD DR,SOLEDAD DR.,300,N,N,A,-,Y,,,1,,,,R,,N,N,4,0,1,2,A,-,3,22350,,N,C,C,A,A,H,-,A,D,0,,,,,Y,,A,1,0,0,1,0,0,0,0,0,0,- ,- ,36.58195,-121.89792,MONTEREY,MONTEREY,-121.89792,36.58195
90448511,2017,5/3/17,9730,4/30/17,1638,20584,,7,2,4,2706,0,1,3,,2,62,SR-1 N/B (CABRILLO HWY),SR-68 (HOLMAN HWY),1320,N,N,A,-,Y,,,1,,,,,,N,Y,4,0,2,1,C,-,18,,,N,E,J,A,A,H,-,A,D,0,,,,,Y,,-,- ,0,0,2,0,0,0,0,0,0,- ,- ,36.57706,-121.90901,MONTEREY,MONTEREY,-121.9090385,36.57710751
9046599,2020,9/16/20,2706,2/11/20,941,191,2706,2,5,4,2706,0,0,0,,0,3,RT 68,JOSSELYN CANYON RD,0,,Y,A,-,Y,MON,5,68,-,-,5.23,H,-,W,Y,4,0,1,2,A,-,3,22350,,N,C,C,A,A,H,-,A,A,0,,,,,Y,,A,1,0,0,1,0,0,0,0,0,0,- ,- ,,,MONTEREY,MONTEREY,-121.8553314,36.58346176
9046615,2020,6/5/20,2706,2/19/20,1729,121,MPD,3,5,4,2706,0,0,0,,0,3,MONTEREY SALINAS HWY,YORK RD,779,W,N,A,-,N,,,,,,,,,,N,4,0,1,3,A,-,3,22350,,N,C,C,A,A,H,-,A,D,0,,,,,Y,,A,1,0,0,1,0,0,0,0,0,0,- ,- ,,,MONTEREY,MONTEREY,-121.8108826,36.57209396
9047996,2020,6/4/20,2706,2/14/20,1505,851,,5,5,4,2706,0,0,0,,0,2,SOLEDAD DR,MUNRAS AV,137,E,N,A,-,N,,,,,,,,,,Y,4,0,1,1,C,-,18,,,N,E,I,A,A,H,-,A,D,0,,,,,Y,,-,- ,0,0,1,0,0,0,0,0,0,- ,- ,,,MONTEREY,MONTEREY,-121.9014816,36.58313751
90486766,2017,6/23/17,9730,6/21/17,1543,20584,,3,2,4,2706,0,1,3,,2,62,SR-1 N/B,SR-68 (SALINAS),1320,S,N,A,-,Y,,,1,,,,,,N,Y,4,0,1,2,A,-,3,22350,,N,C,C,A,A,H,-,A,D,0,,,,,Y,,A,8,0,0,1,0,0,0,0,0,0,- ,- ,36.59393,-121.87353,MONTEREY,MONTEREY,-121.8735232,36.5938879
90505922,2017,7/21/17,9730,7/13/17,1122,16730,,4,1,4,2706,0,1,3,,2,62,SR-1 S/B,SLOAT AVE.,740,N,N,A,-,Y,,,1,,,,,,S,Y,4,0,4,3,A,-,3,22350,,N,C,C,A,A,H,-,A,D,0,,,,,Y,,A,1,0,0,4,0,0,0,0,0,0,- ,- ,36.59384,-121.87437,MONTEREY,MONTEREY,-121.8743793,36.59389614
90512419,2017,7/31/17,9730,7/23/17,930,18543,,7,1,4,2706,0,1,3,,2,62,SR-1 S/B,FREMONT STREET (MONTEREY),250,N,N,B,-,Y,,,1,,,,,,S,Y,4,0,2,3,A,-,8,22107,,M,B,C,A,A,H,-,A,D,0,,,,,Y,,-,99,0,0,2,0,0,0,0,0,0,- ,- ,36.5942,-121.87253,MONTEREY,MONTEREY,-121.872527,36.59417464
90517269,2017,8/7/17,9730,7/28/17,1600,21794,,5,2,4,2706,0,1,3,,2,62,SR-1 N/B,MUNRAS AVENUE,59,N,N,A,-,Y,,,1,,,,,,N,N,4,0,1,2,D,-,0,,,N,C,C,A,A,H,-,A,D,0,,,,,Y,,-,- ,0,0,1,0,0,0,0,0,0,- ,- ,36.58066,-121.90316,MONTEREY,MONTEREY,-121.9031743,36.58068406
9051926,2020,6/4/20,2706,2/12/20,1950,410,MPD,3,5,4,2706,0,0,0,,0,2,WASHINGTON ST,FRANKLIN ST,0,,Y,B,-,N,,,,,,,,,,N,3,0,1,2,A,-,10,21950,,F,G,B,B,A,H,-,C,A,0,Y,,,,Y,,A,1,0,1,0,0,1,0,0,0,0,- ,- ,,,MONTEREY,MONTEREY,-121.89254,36.59970093
9051930,2020,6/30/20,2706,2/11/20,1145,191,2706,2,5,4,2706,0,0,0,,0,3,DEL MONTE BL,ENGLISH AV,0,,Y,A,-,N,,,,,,,,,,Y,4,0,1,2,A,-,3,22350,,N,-,-,A,A,H,-,A,-,0,,,,,Y,,A,1,0,0,1,0,0,0,0,0,0,- ,- ,,,MONTEREY,MONTEREY,-121.8607178,36.60482025
90538699,2017,9/1/17,9730,8/16/17,1022,21794,,3,1,4,2706,0,1,3,,1,22,SR-1 NORTHBOUND,OCEAN AVENUE,75,S,N,A,-,Y,,,,,,,,,,Y,3,0,1,3,A,-,3,22350,,F,C,C,A,A,D,-,C,D,0,,,,,Y,,D,22,0,1,0,0,0,0,0,0,0,- ,- ,36.55582,-121.91107,MONTEREY,MONTEREY,-121.8806694,36.59915508
9053933,2020,6/5/20,2706,2/21/20,1338,107,2706,5,5,4,2706,0,0,0,,0,1,LIGHTHOUSE AV,DICKMAN AV,111,N,N,A,-,N,,,,,,,,,,Y,4,0,1,3,A,-,7,21658,A,N,B,E,A,A,H,-,A,D,0,,,,,Y,,A,1,0,0,1,0,0,0,0,0,0,- ,- ,,,MONTEREY,MONTEREY,-121.8994751,36.61091232
9053937,2020,6/5/20,2706,2/20/20,1913,530,2706,4,5,4,2706,0,0,0,,0,2,DEL MONTE,CORTES ST,0,,Y,B,-,N,,,,,,,,,,N,4,0,2,2,A,-,3,22350,,N,C,C,A,A,H,-,C,D,0,,,,,Y,,A,7,0,0,2,0,0,0,0,0,0,- ,- ,,,MONTEREY,MONTEREY,-121.8888626,36.60005951
9053941,2020,6/5/20,2706,2/18/20,1705,121,MPD,2,5,4,2706,0,0,0,,0,3,NORTH FREMONT ST,CASANOVA AV,23,W,N,A,-,N,,,,,,,,,,Y,3,0,1,1,A,-,8,22107,,N,B,I,A,A,H,-,A,A,0,,,,,Y,,A,1,0,1,0,0,0,0,0,0,0,- ,- ,,,MONTEREY,MONTEREY,-121.8533096,36.59766006
90542691,2017,9/7/17,9730,9/1/17,1505,19956,,5,2,4,2706,0,1,3,,2,62,SR-1 N/B,CASA VERDE WAY,500,N,N,A,-,Y,,,1,,,,,,N,Y,2,0,4,3,A,-,3,22350,,N,C,C,A,A,H,-,A,D,0,,,,,Y,,A,8,1,0,3,0,0,0,0,0,0,- ,- ,36.60009,-121.86342,MONTEREY,MONTEREY,-121.8633912,36.60006498
9055831,2020,5/20/20,2706,2/24/20,1714,27,MPD,1,5,4,2706,0,0,0,,0,2,PEARL ST,TYLER ST,23,E,N,A,-,N,,,,,,,,,,N,4,0,2,2,A,-,3,22350,,N,C,C,A,A,H,-,A,A,0,,,,,Y,,A,1,0,0,2,0,0,0,0,0,0,- ,- ,,,MONTEREY,MONTEREY,-121.8939667,36.5977211
90565846,2017,10/9/17,9730,10/2/17,547,16730,,1,3,4,2706,0,1,3,,2,62,S/B SR-1,UNIVVERSITY WAY,230,N,N,A,-,Y,,,1,,,,,,,Y,4,0,1,1,A,-,8,22107,,N,E,I,A,A,H,-,D,D,0,,,,,Y,,A,1,0,0,1,0,0,0,0,0,0,- ,- ,36.59419,-121.87355,MONTEREY,MONTEREY,-121.8735248,36.59403733
90566435,2017,10/10/17,9730,10/4/17,910,16730,,3,1,4,2706,0,1,3,,2,62,SR-1 S/B,SOLEDAD DR.,3168,N,N,A,-,Y,,,1,,,,,,S,Y,4,0,1,2,A,-,8,22107,,N,B,C,A,A,H,-,A,D,0,,,,,Y,,A,7,0,0,1,0,0,0,0,0,0,- ,- ,36.58403,-121.88709,MONTEREY,MONTEREY,-121.8870916,36.58403535
90576227,2017,10/23/17,9730,10/13/17,2034,21320,,5,2,4,2706,0,3,5,,2,3,ALTA STREET,CORDA ROAD,225,N,N,A,-,N,,,,,,,,,,Y,3,0,1,1,A,-,1,23152,A,N,F,A,A,A,H,-,D,D,0,,,,,Y,Y,D,22,0,1,0,0,0,0,0,0,0,- ,- ,36.51905,-121.46034,MONTEREY,MONTEREY,-121.4602398,36.51889635
90578324,2017,10/25/17,9730,10/19/17,1105,16666,,4,1,4,2706,0,1,3,,2,62,SR-1 S/B,CASA VERDE WAY,528,N,N,A,-,Y,,,1,,,,,,S,Y,4,0,1,2,A,-,7,21658,A,N,B,C,A,A,H,-,A,D,0,,,,,Y,,A,7,0,0,1,0,0,0,0,0,0,- ,- ,36.6,-121.8638,MONTEREY,MONTEREY,-121.8637893,36.59999071
90627075,2017,12/26/17,9730,12/22/17,1640,21888,,5,2,4,2706,0,1,3,,2,62,SR-1 S/B,SLOAT AVE,1100,N,N,A,-,Y,,,1,,,,,,S,Y,3,0,1,2,A,-,1,23152,A,N,B,C,A,A,H,-,A,D,0,,,,,Y,Y,A,1,0,1,0,0,0,0,0,0,0,- ,- ,36.59394,-121.87338,MONTEREY,MONTEREY,-121.8733995,36.59405803
90633184,2017,1/4/18,9730,12/28/17,1815,21888,,4,2,4,2706,0,1,3,,2,62,SR-1 N/B,SR-68,500,S,N,A,-,Y,,,1,,,,,,N,N,4,0,1,4,A,-,3,22350,,N,C,C,A,A,H,-,C,D,0,,,,,Y,,A,1,0,0,1,0,0,0,0,0,0,- ,- ,36.59369,-121.87446,MONTEREY,MONTEREY,-121.8744673,36.59373514
90644640,2018,1/22/18,9730,1/14/18,1749,19981,,7,2,4,2706,0,1,3,,2,62,SR-1 N/B,SLOAT AVE U/C,528,N,N,A,-,Y,,,1,,,,,,N,Y,4,0,1,3,A,-,3,22350,,N,C,C,A,A,H,-,C,D,0,,,,,Y,,A,1,0,0,1,0,0,0,0,0,0,- ,- ,36.59371948,-121.8751526,MONTEREY,MONTEREY,-121.8751373,36.59362793
90655583,2018,2/6/18,9730,1/30/18,1645,19981,,2,2,4,2706,0,1,3,,2,62,SR-1 N/B,SLOAT AVE U/C,528,N,N,A,-,Y,,,1,,,,,,N,Y,4,0,1,2,A,-,3,22350,,N,C,C,A,A,H,-,A,D,0,,,,,Y,,A,1,0,0,1,0,0,0,0,0,0,- ,- ,36.59355164,-121.8753586,MONTEREY,MONTEREY,-121.8753662,36.59358978
90660300,2018,2/13/18,9730,2/7/18,1630,19745,,3,2,4,2706,0,1,3,,2,62,N/B SR-1 FROM AGUAJITO RD,N/B SR/-1,0,,Y,A,-,Y,,,1,,,,R,,,Y,3,0,1,1,A,-,3,22350,,N,E,I,A,A,H,-,A,D,0,,,,,Y,,A,7,0,1,0,0,0,0,0,0,0,- ,- ,36.59199905,-121.8794022,MONTEREY,MONTEREY,-121.8794022,36.59199905
90664006,2018,2/19/18,9730,2/12/18,1623,19981,,1,2,4,2706,0,1,3,,2,62,SR-1 N/B,CASE VERDE WAY,100,N,N,A,-,Y,,,1,,,,,,N,Y,4,0,1,3,A,-,3,22350,,N,C,C,A,A,H,-,A,D,0,,,,,Y,,A,1,0,0,1,0,0,0,0,0,0,- ,- ,36.59912109,-121.8642731,MONTEREY,MONTEREY,-121.8642349,36.59909058
90668294,2018,2/23/18,9730,2/15/18,157,20576,,4,3,4,2706,0,1,3,,2,62,SR-1 NORTHBOUND,SR-68 (SALINAS) O/C,500,S,N,A,-,Y,,,1,,,,,,N,Y,3,0,1,1,A,-,1,23152,A,N,E,I,A,A,H,-,C,D,0,,,,,Y,Y,A,7,0,1,0,0,0,0,0,0,0,- ,- ,36.59476089,-121.8686829,MONTEREY,MONTEREY,-121.8687363,36.59487152
9067068,2020,3/23/20,2706,2/29/20,1035,851,,6,5,4,2706,0,0,0,,0,3,DEL MONTE AV,HANNON AV,149,E,N,A,-,N,,,,,,,,,,Y,2,0,1,2,A,-,3,22350,,N,D,C,A,A,H,-,A,D,0,,,Y,,Y,,C,2,1,0,0,0,0,0,0,0,1,- ,- ,,,MONTEREY,MONTEREY,-121.8619614,36.60418701
90685419,2018,3/20/18,9730,3/12/18,1723,20899,,1,2,4,2706,0,1,3,,2,62,NORTHBOUND SR-1,MUNRAS AVENUE,1214,S,N,C,-,Y,,,1,,,,,,,Y,3,0,1,2,A,-,3,22350,,N,C,C,A,B,H,-,A,D,0,,,,,Y,,A,1,0,1,0,0,0,0,0,0,0,- ,- ,36.57833862,-121.9070129,MONTEREY,MONTEREY,-121.9070053,36.57833099
90686718,2018,3/21/18,9730,3/15/18,1527,19745,,4,2,4,2706,0,1,3,,2,62,SR-1 (S/B),AUGUAJITO RD,250,N,N,B,C,Y,,,1,,,,,,,N,4,0,1,2,A,-,7,21658,A,N,B,C,A,B,H,-,A,D,0,,,,,Y,,A,1,0,0,1,0,0,0,0,0,0,- ,- ,36.59289932,-121.8785019,MONTEREY,MONTEREY,-121.8785172,36.59295273
9071255,2020,11/12/20,2706,2/14/20,1452,851,,5,5,4,2706,0,0,0,,0,3,RT 68,OLMSTED RD,670,E,N,A,-,Y,MON,5,68,-,-,5.7,H,-,W,Y,3,0,1,4,A,-,3,22350,,N,C,C,A,A,H,-,A,D,0,,,,,Y,,A,7,0,1,0,0,0,0,0,0,0,- ,- ,,,MONTEREY,MONTEREY,-121.847496,36.58359146
9072811,2020,6/24/20,2706,3/10/20,1838,27,2706,2,5,4,2706,0,0,0,,0,3,NORTH FREMONT ST,RAMONA AV,12,W,N,B,-,N,,,,,,,,,,Y,2,0,1,1,A,-,8,22107,,N,E,I,A,B,H,-,A,A,0,,,,,Y,,A,1,1,0,0,0,0,0,0,0,0,- ,- ,,,MONTEREY,MONTEREY,-121.8563004,36.5972023
9072812,2020,6/24/20,2706,3/10/20,1635,107,2706,2,5,4,2706,0,0,0,,0,2,PACIFIC ST,MADISON ST,317,S,N,A,-,N,,,,,,,,,,N,4,0,1,2,A,-,17,22517,,N,H,G,A,A,H,-,A,D,0,,Y,,,Y,,A,1,0,0,1,0,0,0,1,0,0,- ,- ,,,MONTEREY,MONTEREY,-121.8973999,36.59597397